"","actorparty","ads_count","sent_count","avg_sent","sd_sent"
"1","BQ",9,77,8.55555555555556,4.50308536203543
"2","CPC",17,174,10.2352941176471,3.03169531295416
"3","GPC",4,28,7,1.4142135623731
"4","LPC",30,185,6.16666666666667,3.27038259212138
"5","NDP",28,376,13.4285714285714,7.79567102772345
